Latitude,Longitude,Started
37.857,-120.086,20130817
34.585595,-118.423176,20130530
33.7095,-116.72885,20130715
39.12,-120.65,20130810
0,0,20130502
37.279,-119.318,20130722
33.86157,-116.90427,20130807
41.32,-123.176,20130731
41.035,-123.488,20130810
40.04263,-121.85397,20130823
40.498332,-122.535496,20130909
32.95435,-116.47381,20130706
40.190062,-121.595555,20130501
34.7861,-118.9411,20130515
34.7861,-118.9411,20130515
38.8167,-122.8498,20131122
34.288877,-116.941311,20130501
37.90757,-121.882582,20130908
33.12111,-116.52579,20130523
39.446268,-121.38236,20130816
33.341,-117.3092,20131005
36.208,-118.444,20130824
34.55048,-119.82429,20130527
37.58202,-119.91071,20130616
33.62236,-117.40288,20130805
33.04458,-116.5209,20130526
38.25108,-120.02778,20130805
0,0,20131216
35.707,-118.588,20130818
34.882,-118.9194,20130719
34.49149,-118.610044,20130517
34.90327,-118.93388,20130723
38.774,-120.298,20130708
34.071556,-117.048397,20130628
40.00842,-120.764666,20130818
33.894055,-116.855019,20130504
41.2415,-121.035,20130703
35.15832,-120.05131,20130601
37.96866,-121.91453,20130701
37.015575,-119.78106,20130616
34.302,-117.598,20130820
36.602575,-118.01651,20130224
38.628,-122.289,20131003
37.160346,-120.937494,20130503
0,0,20130228
39.439,-121.497,20131004
38.04993,-120.90325,20130530
39.434183,-121.576804,20130603
0,0,20130122
39.90465,-121.74367,20130701
37.116295,-119.635004,20130430
34.149,-117.908,20130923
32.710918,-116.746023,20130909
34.35,-117.62,20130808
37.775057,-121.737213,20130608
38.729297,-121.380862,20130613
0,0,20130612
39.514139,-122.560862,20130501
0,0,20130717
34.2,-117.417,20130924
40.012398,-122.079871,20130704
40.5445,-121.3754,20130819
39.961309,-122.330879,20130719
38.382,-122.311,20131121
34.611824,-120.074655,20130528
38.67479,-122.08725,20131104
38.63987,-121.08438,20130719
38.63987,-121.08438,20130719
38.34599,-122.6503,20131004
38.17693,-122.51253,20130726
0,0,20131004
33.990128,-117.164997,20130716
37.436,-121.1955,20130712
36.7218,-119.2248,20130625
0,0,20130522
34.419284,-118.58688,20130528
36.258,-118.459,20130908
38.638828,-122.655616,20130501
38.08744,-122.13802,20130618
37.03776,-121.006939,20130604
33.963591,-117.187934,20130525
38.882214,-122.567525,20131108
38.682378,-120.839075,20130816
34.287,-117.451,20130817
36.772425,-119.628389,20130613
36.1531,-120.8973,20130629
0,0,20130809
37.91529,-120.33313,20130602
32.564465,-116.900368,20130522
38.9252,-122.966,20130928
41.73325,-120.375,20130905
33.642,-116.706,20130824
40.88886,-120.958126,20130809
38.27783,-120.966016,20130612
35.4393,-120.8358,20130924
39.6612,-121.50354,20130801
37.1927,-119.7917,20130519
33.9582,-116.6534,20130521
35.62743,-120.83417,20130707
39.0442,-123.1478,20131122
39.731878,-121.713938,20130831
0,0,20130409
0,0,20130915
34.316,-117.352,20130725
37.169379,-119.75636,20130612
34.1834,-117.4408,20130513
38.441792,-122.350844,20130430
34.003151,-117.106075,20130911
39.206,-121.31634,20130708
0,0,20130501
39.013682,-122.491894,20130816
41.569,-120.959,20130907
34.384,-119.13249,20131114
38.838,-116.61,20130806
33.91027,-116.99895,20130804
39.333401,-121.107022,20130831
35.457978,-120.751555,20131108
39.0448,-122.7656,20131123
41.923323,-122.578393,20130815
37.1438,-121.7804,20130712
37.7393,-121.5869,20130704
35.5123,-120.6368,20130525
38.06231,-120.45233,20130817
37.03087,-119.463757,20130617
38.980846,-123.067671,20130723
0,0,20131210
40.373,-122.7338,20130709
33.96936,-117.1265,20130608
37.667295,-122.427285,20130907
37.342186,-121.717706,20131231
33.7655,-117.6649,20131006
0,0,20130926
33.570291,-116.10815,20130816
0,0,20130731
33.9634,-117.2508,20130719
34.001745,-117.302057,20130614
33.655638,-116.161201,20130516
38.89555,-120.84716,20130824
39.1591,-122.5906,20130807
37.74241,-121.86216,20130706
36.763367,-119.558244,20130613
35.49864,-120.91375,20130520
0,0,20130804
40.483662,-122.140914,20131107
37.965364,-120.696362,20130722
38.9777,-122.683,20130915
38.99233,-122.703193,20130605
34.288877,-116.941311,20130420
38.4229,-122.0437,20130610
38.4229,-122.0437,20130610
38.4229,-122.0437,20130610
38.4229,-122.0437,20130610
40.473356,-122.48259,20130814
32.612773,-116.707335,20130728
38.98058,-122.81796,20130620
33.96201,-116.907213,20130520
38.9289,-122.5818,20131123
0,0,20131230
33.94528,-117.09306,20130719
0,0,20130512
41.333,-123.376,20130803
33.99647,-116.84137,20130609
38.805437,-120.629714,20140913
0,0,20140802
40.901,-121.368,20140730
42.048,-122.345,20140730
0,0,20140730
40.72,-121.562,20140731
0,0,20140515
0,0,20140728
41.1336,-121.2144,20140730
40.4314,-122.750788,20140711
0,0,20140730
38.512,-122.104,20140704
41.141,-122.805,20140730
41.682,-122.127,20140731
33.3529,-117.284889,20140514
0,0,20140619
0,0,20140816
0,0,20140726
38.664,-122.454,20140701
38.664,-122.454,20140701
38.5691,-120.7819,20140725
38.5691,-120.7819,20140725
35.7206,-118.4747,20140818
35.70683,-118.555527,20140613
34.169346,-117.547374,20140430
33.1137,-117.1599,20140514
34.1703,-117.8816,20140116
35.642,-118.15,20140711
41.89,-120.79,20140701
33.003,-117.133,20140513
41.489,-120.904,20140703
33.417572,-117.550567,20140516
40.7101,-122.171,20140910
0,0,20140717
33.748,-117.601,20140912
40.134597,-121.790183,20140102
0,0,20140526
34.609,-120.454,20140513
37.3433,-119.6581,20140818
33.1109,-117.279,20140514
40.7412,-122.946,20140824
41.42384,-122.37432,20140915
37.76617,-120.45087,20140604
0,0,20141008
0,0,20140913
36.6313,-121.4819,20140319
0,0,20140728
33.312,-117.162,20140514
0,0,20140315
40.884415,-123.773779,20140104
37.311915,-119.604124,20140914
37,40.34,20141007
0,0,20140905
0,0,20140724
34.267,-117.867,20140817
37.787,-120.452,20140605
39.113682,-120.999508,20140913
40.009827,-122.345078,20140613
33.078948,-116.576454,20140703
41.134,-123.753,20140912
34.235,-117.771,20140814
39.1647,-122.5983,20140525
40.6569,-122.2215,20140709
37.7103,-120.197,20140610
0,0,20140630
32.81,-116.49,20140308
120.679019,38.178241,20140620
0,0,20140122
37.399,-118.352,20140419
36.8266,-119.3415,20140125
0,0,20140514
41.507,-121.266,20140812
0,0,20140903
0,0,20140901
38.59,-120.028,20140914
0,0,20140606
38.058,-120.66,20140622
39.3918,-120.0805,20140818
0,0,20140828
37.5359,-121.5118,20140711
0,0,20140907
0,0,20140723
40.5719,-121.3415,20140705
36.103,-121.117,20140430
39.4664,-121.6129,20140714
37.8316,-120.3434,20140904
0,0,20140701
121.999,38.453,20140612
0,0,20140916
0,0,20140921
0,0,20140101
33.5982,-116.1985,20140328
0,0,20140514
40.39,-122.721,20140514
33.93869,-117.70643,20141016
35.8218,-121.0226,20140707
36.991825,-119.525506,20140609
39.1871,-121.2687,20140707
0,0,20140801
0,0,20140527
0,0,20140606
0,0,20140729
38.608336,-120.703238,20140709
32.665,-116.222,20140505
38.695961,-122.384054,20140911
0,0,20140929
40,29.24,20140829
36.742747,-119.241493,20140611
38.9195001,-120.1140659,20140925
32.59154,-116.89516,20140816
0,0,20140103
40.41,-123.24,20140701
0,0,20140721
0,0,20140604
37,18.4,20140826
0,0,20140824
41.796,-123.374,20140811
36.874,-118.905,20150731
0,0,20150730
38.8863538,-122.4762475,20150729
0,0,20150730
34.16027778,-116.8927778,20150617
0,0,20150731
0,0,20150730
38.8142503,-122.4867319,20150809
38.8142503,-122.4867319,20150809
40.938,-120.105,20150803
0,0,20150801
0,0,20150206
0,0,20150206
36.24,-118.54,20150719
37.279722,-119.50014,20150725
0,0,20150730
41.399,-121.392,20150730
34.339,-117.478,20150717
0,0,20150814
37.3845,-121.3732,20150819
35.3477,-120.6269,20150816
39.192088,-120.882313,20150725
0,0,20150813
0,0,20150620
40.924,-123.168,20150610
0,0,20150731
0,0,20150718
36.3699644,-121.589554,20150919
33.884313,-117.642759,20150418
39.5218,-121.3363,20150911
37.165767,-119.523943,20150618
0,0,20151003
55.23,-122,20150902
36.70854,-121.32734,20151012
33.5736,-116.5387,20150810
0,0,20150206
0,0,20150618
36.085212,-118.824235,20150721
0,0,20150907
34.361007,-118.535793,20150624
39.43963,-121.38794,20150729
0,0,20150816
0,0,20150702
0,0,20150816
0,0,20150605
0,0,20150802
37.08312,-121.06963,20150511
0,0,20150528
0,0,20150730
0,0,20150909
38.925764,-122.879272,20150822
33.7626,-117.7274,20150713
40.415108,-122.439939,20150729
0,0,20150629
37.823,-120.15644,20150729
34.367,-117.683,20150717
41.485,-121.851,20150224
37.81629,-121.68113,20150730
0,0,20150814
41.8048,-122.5029,20150713
32.9421,-116.8534,20150617
40.400196,-120.553075,20150909
39.8448,-122.3638,20150704
0,0,20150820
33.383889,-116.868611,20150724
0,0,20150622
41.295667,-123.784067,20150724
39.2688,-121.26471,20150618
38.4113,-122.0789,20150706
0,0,20150701
40.1058823,-124.0720419,20150818
40.05083333,-120.7016667,20150413
37.072561,-119.6958,20150621
40.724898,-122.96174,20150825
0,0,20150618
41.29226,-121.172117,20150723
38.052,-120.5577,20150813
37.83618,-120.61691,20150815
0,0,20150630
0,0,20150903
40.3506868,-121.7786799,20150808
0,0,20150608
40.47512,-122.52541,20150911
38.04684,-120.30188,20150908
39.8707,-121.8938,20151002
34.165974,-117.243878,20150625
36.5696373,-121.7556029,20150919
35.7183,-121.0157,20150710
40.49865,-122.20109,20150730
36.49845,-118.9009,20150730
32.6449163,-116.9454387,20150626
0,0,20150601
40.856422,-121.101623,20150723
40.67868,-121.93244,20150802
40.509552,-122.199227,20150729
38.776,-120.404,20150723
0,0,20150701
26.42,-121,20150902
0,0,20150820
35.77937,-120.19482,20150615
0,0,20150801
0,0,20150718
40.875667,-121.033667,20150619
0,0,20150618
0,0,20150618
38.260777,-121.135426,20150616
40.3929,-122.40546,20150803
0,0,20151010
34.23,-116.883,20150823
33.4115972,-117.2886249,20150809
40.0133,-122.552,20150617
34.0783472,-117.0487863,20150712
0,0,20150625
34.9522,-120.2903,20150801
34.15,-118.879444,20151107
39.43301,-123.36316,20150730
0,0,20150909
0,0,20150702
0,0,20150605
0,0,20150709
0,0,20150630
40.400196,-120.553075,20150909
37.24523,-121.20324,20150728
38.1029,-122.1578,20150710
38.5287,-122.3415,20150616
0,0,20150609
40,41.46,20150908
0,0,20150703
39.7806004,-123.248214,20150628
39.081,-121.194,20150922
41.12362,-121.194256,20150829
39.33303,-121.18735,20150803
0,0,20151111
38.9361,-121.1548,20150722
32.682547,-116.51684,20150724
36.8727,-121.5681,20150720
33.21407,-116.73472,20150716
0,0,20150702
0,0,20150607
0,0,20150605
0,0,20150605
41.999341,-121.891226,20150721
39.0263,-123.303,20150704
38.831478,-122.53428,20150824
34.4828,-119.63216,20151029
33.986204,-117.43942,20150712
41.1513,-123.8292,20150610
38.519132,-122.181878,20150627
40.5953,-122.4397,20150707
40.1093,-123.774,20150728
0,0,20150730
38.598056,-119.751944,20150619
36.45994,-121.89938,20160722
35.6115,-118.45628,20160623
35.70595,-120.98316,20160813
34.30372,-117.49342,20160816
41.851,-123.118,20160827
0,0,20160818
35.7506,-118.5678,20160816
34.63445,-120.54421,20160917
34.28771,-117.27338,20160807
32.60729,-116.63028,20160619
34.776,-119.643,20160615
36.09974,-120.51057,20160809
38.52513,-122.06788,20160802
38.96741,-120.9375,20160628
38.96741,-120.9375,20160628
37.75985,-118.95309,20160917
0,0,20160620
34.31,-118.335,20161114
37.10632,-121.85318,20160926
35.984,-118.551,20161029
38.89741,-122.60664,20160813
36.38123,-121.20059,20160522
0,0,20160518
36.0749,-120.452041,20160701
41.623,-123.557,20160607
0,0,20160804
41.2649,-120.3178,20160917
40.3915,-120.7845,20160911
36.01542,-121.25029,20160604
34.701,-119.144,20160630
37.01591,-119.50507,20160730
36.94536,-119.25959,20161011
35.20993,-118.72272,20160701
38.80017,-122.82895,20160925
0,0,20160830
37.07147,-121.20155,20160625
33.393,-117.35093,20160721
34.36763,-118.57245,20160709
37.79635,-120.32484,20160926
39.6871,-121.571,20160905
41.7813,-122.611,20160824
37.97,-119.14,20160625
41.28486,-123.82268,20160822
34.913,118.9082,20160708
39.6708,-121.7192,20160802
35.2013,-118.7212,20160826
40.0353,-122.56939,20160630
38.1874,-120.6381,20160828
40.36873,-122.72913,20160708
36.16965,-121.38775,20160818
36.1648,-118.73906,20160822
41.4657,-120.9066,20160911
38.385,-121.003611,20160628
40.30594,-122.1295,20160913
38.08056,-120.81394,20160712
38.02845,-120.61153,20160702
0,0,20160919
35.4976,-118.5097,20160828
39.188321,-121.78003,20160920
36.88286,-119.654,20160525
38.69971,-122.15457,20160626
39.92,-121.32,20160926
0,0,20160617
35.68313,-118.21793,20160713
34.75134,-120.55297,20160922
39.12366,-122.50373,20160626
37.74369,-121.58677,20160625
38.26874,-120.90265,20160617
36.92244,-119.39619,20160711
38.93449,-120.10744,20161014
0,0,20160712
38.8390117,-121.3090268,20160517
36.84479,-119.34487,20160903
34.276,-118.354,20160523
0,0,20160428
37.75972,-120.029626,20160913
33.6542,-117.5221,20160831
35.61961,-120.39993,20160510
37.62215,-121.36665,20160820
36.14161,-120.62048,20160704
0,0,20160804
33.476894,-117.140883,20160604
35.60748,-118.94811,20160715
36.78769,-119.38248,20160515
39.4403,-121.42647,20160922
37.0099,-119.5792,20160715
0,0,20160805
37.17072,-121.42238,20160607
37.41896,-121.79669,20160730
39.595,-121.6008,20160620
37.25601,-119.65776,20160704
40,-121.93923,20160925
0,0,20160817
35.24504,-118.60344,20160804
0,0,20160803
35.85093,-120.81081,20160722
32.9612,-116.7945,20160718
5487,-120.841536,20160709
39.33035,-121.78973,20160527
39.79547,-121.71662,20160826
40.07846,-122.2071,20160701
38.86804,-121.37704,20160621
38.517772,-121.103642,20160710
35.70821,-120.82266,20160627
37.3228,-119.7738,20160804
37.927613,-120.528836,20160530
38.8866,-122.04726,20160715
0,0,20160615
36.49914,-121.04993,20160612
40.19611,-122.26736,20160803
0,0,20160721
39.7947,-121.857,20160611
36.92244,-119.39619,20160713
40.68192,-122.4096,20160910
36.6543,-119.5327,20160923
36.2833,-121.3306,20160618
33.41639,-117.08829,20160531
39.0863,-122.7891,20160719
38.40958,-122.43172,20161010
35.77135,-120.251,20160611
38.33475,-122.02564,20160722
37.98171,-120.64241,20160721
0,0,20160519
36.1934,-120.9293,20160623
39.7299,-123.5044,20160910
34.3183,-117.3189,20160907
38.79549,-121.00299,20160722
0,0,20160428
39.43351,-121.6051,20160621
39.20427,-121.05948,20160917
33.57872,-117.77395,20160626
38.5212,-120.8416,20160923
36.09974,-120.51057,20160809
34.27619,-118.63264,20160701
39.93965,-122.40142,20160621
0,0,20160530
0,0,20160730
38.558,-121.1309,20160911
0,0,20160828
38.01264,-122.1885,20160724
39.39051,-120.51887,20160907
37.24006,-119.4741,20160729
39.8748511,-123.4267011,20160830
38.68403,-122.26015,20160809
33.22558,-117.14547,20160810
40.61213,-122.47091,20160809
0,0,20160728
37.96311,-120.67335,20160712
38.22017,-120.8678,20160627
41.6314,-122.7933,20160912
37.81434,-120.69521,20160730
38.3131,-121.06452,20160603
39.8851,-121.6998,20160916
36.58972,-118.15589,20160701
36.80296,-121.40304,20160603
39.624017,-121.595093,20160529
37.2171,-121.08036,20160424
33.254355,-117.158475,20161113
33.00056,-116.9571,20160722
38.2581,-120.8657,20160805
41.96191,-122.59328,20160719
37.11831,-121.69784,20160901
37.06531,-121.68577,20160812
0,0,20160806
0,0,20160729
38.64107,-120.6955,20160603
35.8378273,-121.0381507,20160512
40.61388,-122.46777,20160611
40.4572,-124.05804,20160811
41.71847,-122.36924,20160721
40.9878,-123.77832,20160812
34.25858,-117.4415,20160903
39.1408865,-122.9148951,20160830
0,0,20160512
0,0,20160830
33.11645,-116.58542,20160711
0,0,20160725
0,0,20160525
36.217,-118.551,20161020
38.57554,-120.00606,20160818
0,0,20160722
35.01382,-119.58206,20160604
0,0,20160604
35.84883,-118.08591,20160601
34.6888731,-118.7892593,20160419
34.41521,-119.09124,20171204
34.41521,-119.09124,20171204
40.07045,-120.14013,20170711
0,0,20170724
37.61757,-120.21321,20170716
41.841,-123.474,20170815
38.4041,-122.5209,20171008
38.4041,-122.5209,20171008
38.39206,-122.24367,20171008
38.39206,-122.24367,20171008
35.93273,-120.20014,20170709
42.039,-123.218,20170814
38.60895,-122.62879,20171008
38.60895,-122.62879,20171008
36.15356,-118.74103,20170829
39.24873,-123.16635,20171008
35.0179,-120.3223,20170706
41.59,-123.501,20170726
40.76025,-123.10003,20170830
36.27138,-118.48555,20170927
40.69573,-119.93499,20170830
34.55096,-119.9494,20170708
38.76549,-122.90939,20171009
0,0,20170624
34.31283,-118.35863,20171205
40.2275,-123.03583,20170912
37.44663,-119.64622,20170829
36.12089,-120.37116,20170518
39.32198,-121.4021,20171008
33.87041,-117.70975,20171009
38.655,-119.55425,20170829
39.62496,-121.52966,20171008
37.644,-119.618,20170801
41.466,-120.321,20170803
34.22957,-118.2674,20170901
37.538,-119.598,20170814
33.530045,-116.594422,20170626
39.39455,-121.40613,20171009
34.45283,-118.58188,20171205
40.43962,-120.22215,20170829
39.45352,-121.41222,20170707
36.07228,-120.26561,20170420
38.329,-119.782,20170731
40.17598,-123.36882,20170807
39.9034,-120.9761,20170729
33.3237,-117.163,20171207
39.57701,-121.30209,20170829
33.97471,-117.09984,20170902
41.853,-123.676,20170807
35.77896,-118.89627,20170707
33.8668,-117.68598,20170925
39.75312,-120.75485,20170905
36.05187,-120.05404,20170824
36.257,-118.296,20170802
36.0226,-118.94252,20170730
38.49521,-122.0251,20170706
39.01387,-122.64543,20171008
32.65597,-116.80527,20170520
0,0,20171009
35.86949,-120.57894,20170708
35.86949,-120.57894,20170708
36.96655,-120.89261,20170512
38.12,-119.941,20170903
38.14242,-122.47301,20171009
35.95911,-120.55579,20170717
35.59904,-119.08312,20170706
35.4025,-120.4992,20170626
36.269125,-120.620791,20170702
35.53456,-118.66733,20170618
34.2976,-116.826,20170619
37.0825,-119.8011,20170610
35.543,-118.654,20170730
34.00566,-117.30693,20170430
35.76,-118.406,20170901
38.5181,-121.104,20170726
35.38298,-118.80123,20170630
33.402411,-117.402445,20171017
34.94373,-119.44751,20170718
33.98212,-117.30819,20170813
37.21616,-119.48067,20170903
39.75371,-120.1397,20170806
33.34988,-117.39818,20170525
40.98352,-121.81623,20170912
36.530836,-120.206592,20170428
39.30125,-123.28825,20170716
39.1234,-121.32957,20170820
33.60247,-117.34192,20171026
39.888,-120.066,20170806
39.24549,-121.12792,20171009
34.55607,-118.60703,20170617
35.7908,-120.77485,20170811
34.37443,-118.49343,20170625
39.439722,-120.027222,20170710
37.905545,-120.408135,20170729
37.37397,-119.83556,20170903
34.14575,-117.17813,20170627
37.3762,-119.9646,20170628
41.85763,-121.29581,20170628
33.95036,-116.88066,20170814
41.11989,-120.74968,20170806
35.4605,-118.85896,20170520
33.3906,-117.32348,20170519
41.3975,-122.8428,20170705
35.40357,-120.28037,20170802
34.09773,-117.10567,20170714
36.616986,-120.369347,20170611
34.67403,-120.4393,20170929
37.14624,-120.015509,20170918
38.848,-120.287,20171013
34.09454,-118.48178,20171206
36.22265,-119.06598,20170720
41.72163,-121.30451,20170713
32.84796,-116.85396,20170711
36.45491,-120.2445,20170510
39.34292,-121.12004,20170830
37.18356,-122.07012,20171016
41.16716,-120.58342,20170403
38.46111,-119.48284,20171113
38.02929,-122.25544,20170708
36.27306,-120.65185,20170623
35.42433,-120.47322,20170709
36.45809,-118.87676,20170607
34.92907,-118.9267,20170810
34.08492,-117.03826,20170803
41.478,-123.506,20170719
33.59257,-117.14979,20171207
35.41283,-118.84466,20170515
34.16564,-117.33334,20171205
33.34659,-116.66107,20170722
35.12269,-120.39387,20170920
36.24653,-120.31598,20170919
38.538332,-121.039267,20170730
37.87808,-121.78677,20170708
37.4591,-119.921,20170702
35.34541,-120.76464,20170518
35.21177,-119.87525,20170515
35.59804,-118.47939,20170610
33.85323,-117.48195,20170704
39.44543,-122.85194,20170912
37.72543,-121.90516,20170822
32.65003,-116.42907,20170821
33.689092,-117.396404,20170731
40.02261,-121.91425,20171026
34.9465,-119.8036,20170520
39.9864,-120.89746,20170820
36.704679,-120.405077,20170611
35.3091,-118.701,20171015
35.19008,-118.76152,20171012
40.47106,-122.43608,20170718
34.41204,-117.03031,20170723
33.87679,-117.00258,20170819
39.71101,-120.02325,20170619
39.37192,-121.53865,20170710
40.80968,-120.48641,20170826
37.12759,-120.0193,20170607
37.63358,-121.49925,20170919
41.9808,-121.9741,20170729
33.98639,-117.21314,20170618
39.74679,-121.67261,20171009
35.7751,-120.23656,20170724
35.6871,-120.3187,20170614
36.90967,-119.79315,20170517
34.30104,-117.45646,20170430
40.46836,-123.51619,20171014
39.02482,-123.1362,20170919
40.07613,-121.56858,20170928
38.559707,-120.70013,20170726
38.5758,-120.915,20170917
34.792882,-118.851943,20170728
35.8556,-118.74542,20170613
39.69717,-121.75417,20170616
38.40234,-120.52953,20171009
32.6001,-116.76997,20170901
35.78286,-120.22647,20170502
40.69554,-122.0122,20170701
36.5355,-120.6585,20170429
37.62823,-120.30046,20170813
37.90014,-120.36005,20170730
34.009026,-117.239099,20170804
35.31886,-120.50886,20170903
33.88287,-116.99651,20170525
38.29113,-120.62177,20170717
37.7393,-121.85663,20171017
38.49336,-122.2483,20170811
36.93332,-119.43376,20170826
39.38416,-121.5786,20170622
35.3024,-120.65279,20170926
33.950382,-116.884446,20170615
39.76243,-121.74121,20170719
36.36113,-120.32685,20170830
37.39801,-121.8179,20170711
32.64962,-116.37345,20171021
38.46123,-122.58152,20171014
39.0199,-122.57487,20171014
38.43658,-121.97233,20171002
36.99092,-121.59899,20170903
36.09486,-120.52189,20170903
37.14653,-121.68165,20170811
34.19076,-117.26969,20170731
34.035344,-116.940661,20171129
33.57139,-116.8247,20170807
36.95104,-119.65621,20170705
39.52499,-121.64897,20170606
37.09773,-120.02027,20170707
39.15016,-122.576,20171006
34.34949,-119.30918,20171024
117.337331,34.015742,20170831
40.11794,-123.76099,20170803
34.20152,-117.14466,20170722
37.3344,-121.71752,20170629
35.86596,-120.64584,20170807
33.38613,-117.46709,20171013
38.869036,-119.61865,20171228
40.13278,-120.9204,20170903
35.89423,-119.00334,20170531
36.96607,-121.55552,20170723
40.38944,-122.13088,20170604
39.19325,-121.08406,20171009
36.8005,-119.35901,20170611
35.5956,-120.56068,20170926
38.7803,-120.97111,20170708
34.07612,-117.06765,20170707
35.78616,-120.96514,20171013
33.75526,-117.25075,20170718
35.4403,-120.2913,20170802
39.01224,-122.20127,20170717
37.25014,-121.68562,20170710
36.60736,-120.5828,20170519
36.7279,-119.28241,20170827
38.33707,-121.11113,20170601
40.03392,-120.1064,20170604
37.82934,-120.68992,20170621
33.81976,-117.18552,20170728
37.36914,-120.0088,20170615
33.20988,-116.46989,20170826
38.94599,-122.81135,20170808
37.64898,-120.4925,20170708
40.32063,-122.83208,20170618
36.18815,-118.78928,20170717
38.18303,-120.85322,20170712
36.7528,-119.2288,20171011
39.42604,-123.03344,20170912
36.64404,-118.99944,20170718
35.346,-120.62825,20170707
40.1583,-122.3209,20170728
36.81476,-119.51592,20170704
41.93006,-122.36545,20170618
38.4446,-122.0041,20170923
41.99483,-121.90077,20170829
34.03941,-118.58624,20170629
41.222,-122.292,20170828
41.222,-122.27499,20170828
37.33454,-121.76323,20170621
37.44485,-121.84108,20170726
35.21556,-118.56578,20171026
33.8826,-117.00589,20171023
34.22551,-118.05545,20171017
37.41591,-122.3001,20170911
35.70639,-118.47307,20170805
34.72379,-120.13249,20170717
39.06308,-121.303,20170708
34.20599,-118.98603,20170704
33.87739,-117.16215,20170703
33.23281,-117.29509,20170613
36.94652,-120.90462,20170920
33.58577,-116.07429,20170528
36.38109,-121.00391,20171125
35.06472,-120.5634,20170720
33.6444,-117.3968,20170827
34.149,-117.189,20170712
41.8721,-122.4571,20170606
33.9885,-117.38417,20171221
35.28738,-120.44448,20171009
40.48712,-121.85645,20170403
37.56181,-121.56425,20170827
39.81517,-122.28165,20171102
36.17297,-120.87609,20170911
35.96275,-121.08753,20170629
40.10282,-122.27379,20170624
41.38247,-120.53443,20170603
41.99279,-122.9401,20170813
34.10446,-118.70294,20170629
35.05076,-118.90004,20170514
33.96514,-117.4764,20171204
33.90327,-116.50151,20171114
34.13534,-117.4982,20171024
40.70627,-122.24199,20171008
35.59302,-118.46734,20170929
41.98128,-124.01168,20170912
41.02705,-123.63721,20170828
40.29831,-122.70449,20170826
38.86056,-122.62382,20170717
36.66684,-121.74826,20170716
37.896778,-120.504134,20170919
39.06522,-121.3519,20170724
38.07481,-122.23004,20170622
37.9775,-122.65749,20170627
37.85137,-120.45268,20170611
40.774,-122.309,20171031
37.65963,-120.34802,20170707
33.1683,-116.77342,20170625
33.74925,-117.10301,20170929
38.08055,-122.77846,20170712
33.99316,-117.48405,20170704
38.45822,-120.92162,20170627
35.37351,-118.84134,20170609
33.96419,-117.20507,20170521
34.21829,-117.40625,20171205
33.73547,-117.33364,20170910
40.03697,-123.64214,20170831
36.85596,-121.30983,20170704
33.763304,-117.314994,20170707
33.584036,-116.972036,20170613
35.60633,-118.4642,20170604
40.804,-123.375,20170802
40.79902,-123.39253,20170802
33.62613,-117.07975,20170713
35.90092,-120.93371,20170616
35.902149,-120.983684,20170611
36.5858,-121.80377,20171015
36.099681,-120.443545,20170823
35.60001,-118.4683,20170512
34.52055,-118.62882,20170831
40.27582,-123.64281,20170803
33.96896,-117.25411,20170703
38.77921,-120.46234,20171010
40.29118,-122.42606,20170708
39.8255,-121.7127,20170925
41.4844,-120.36659,20170830
41.93323,-124.19629,20170626
33.79925,-117.11659,20170615
41.64469,-120.31814,20170830
33.82165,-116.96079,20170603
39.03168,-121.40947,20170926
33.71025,-117.31924,20170618
33.94788,-116.59719,20170601
33.18716,-116.50897,20171015
35.76343,-121.04445,20170923
32.59252,-116.61609,20170907
40.71923,-122.02525,20170901
32.7789,-116.8516,20170627
37.02081,-119.95136,20170618
34.29931,-118.37539,20170603
32.679,-116.29296,20170524
33.50488,-117.02132,20171010
37.77982,-122.169,20170926
38.20176,-120.67848,20170705
38.68347,-122.2654,20170613
35.41112,-120.00353,20171020
39.01748,-122.49327,20170905
36.10858,-118.81979,20170705
39.364,-121.4143,20170622
0,0,20170613
36.35578,-120.99552,20170522
40.88516,-123.96844,20171008
38.51937,-123.24713,20171007
40.20077,-122.24731,20171003
37.65986,-120.31157,20170801
34.139,-117.199,20170722
39.13207,-123.10227,20170717
33.52584,-116.85226,20170613
37.86549,-122.2102,20170605
35.983,-119.91508,20170518
35.77082,-120.92482,20170514
33.88994,-116.91023,20171213
39.06414,-121.13737,20171010
33.797216,-117.124538,20170813
40.39799,-123.57562,20170801
37.81827,-120.65764,20170718
40.703775,-122.645079,20170626
35.71704,-118.30601,20170501
38.26294,-122.71998,20170827
39.53944,-121.54722,20170704
36.61332,-120.7109,20170528
36.1727,-120.86682,20170516
37.41231,-119.87465,20171003
40.92602,-121.5935,20170817
40.69259,-122.17384,20170729
35.556667,-120.474,20170520
36.2771,-120.94328,20170517
33.88466,-116.99229,20170514
35.188,-119.2877,20170602
34.04412,-116.55326,20170529
36.96642,-119.58292,20170528
39.87983,-122.5415,20170810
39.16826,-120.95498,20170727
41.45589,-120.56933,20170717
35.947,-120.87492,20170628
38.19906,-120.83484,20170528
33.56777,-116.08003,20170413
34.71796,-120.27077,20171216
34.605358,-120.414875,20171214
39.8629,-121.6268,20170702
35.80375,-120.52508,20170609
33.97155,-117.44148,20170518
37.89532,-120.84748,20171018
38.69775,-120.73757,20170725
38.67474,-121.06088,20170712
34.304722,-117.3125,20170704
39.44257,-121.60683,20170912
0,0,20170604
35.6879,-120.3317,20170507
33.7866,-117.5048,20170430
37.21812,-121.07761,19691231
38.70289,-122.90217,20170731
33.913089,-117.096233,20170702
40.24789,-122.255,20171008
37.76888,-120.15846,20170920
37.10067,-119.32109,20170911
38.34421,-120.72274,20170828
34.23925,-117.85182,20170803
39.36902,-120.97586,20170721
40.48972,-122.38619,20170715
33.77896,-117.24091,20170713
39.50475,-121.33785,20170712
33.91806,-116.99321,20170703
39.08382,-121.06656,20170702
33.90965,-116.9669,20170618
117.138741,33.939428,20170616
35.564124,-118.796513,20170605
33.87107,-116.88097,20170604
39.23205,-121.376,20170529
34.87128,-118.35296,20170528
33.94673,-117.17773,20170523
36.44141,-121.34695,20170424
38.36685,-122.64001,20171009
38.31802,-122.39052,20171008
37.73596,-119.78256,20170907
41.702,-123.508,20170725
41.338,-120.304,20170723
39.75425,-122.17657,20170719
40.6361,-120.9643,20170706
41.86609,-122.73031,20170704
33.43513,-117.58252,20170628
41.841,-123.474,20170625
36.51912,-119.50606,20170623
35.85253,-120.80411,20170519
39.51158,-121.55633,20170207
39.243283,-123.103367,20180727
39.243283,-123.103367,20180727
39.243283,-123.103367,20180727
39.243283,-123.103367,20180727
40.65428,-122.62357,20180723
40.65428,-122.62357,20180723
39.8134,-121.4347,20181108
34.235,-118.70128,20181108
34.235,-118.70128,20181108
37.6549,-119.88581,20180713
38.80583,-122.18183,20180630
38.80583,-122.18183,20180630
40.9425,-122.43,20180905
40.9425,-122.43,20180905
39.04786,-123.11971,20180727
39.04786,-123.11971,20180727
39.04786,-123.11971,20180727
40.896,-122.219,20180809
41.38544,-121.04386,20180815
41.893332,-122.534655,20180705
38.349,-119.929,20180801
33.69888,-117.52055,20180806
40.633536,-120.868091,20180727
39.0674,-122.59848,20180623
0,0,20180725
38.052055,-120.945482,20180629
38.347395,-119.45186,20180904
37.39339,-120.34207,20180615
34.22685,-118.93444,20181108
0,0,20181007
37.571,-119.118,20180611
40.22027778,-122.18,20181007
40.35068,-121.77867,20180623
41.07944,-123.688056,20180816
34.48229,-118.60858,20180922
35.97896,-119.98329,20180806
39.94355,-122.3571,20180609
35.37444,-118.83556,20180803
36.6734,-118.21881,20180708
38.69601,-122.44468,20180908
39.64978,-122.58218,20180609
35.847778,-120.343056,20180806
38.431278,-122.043747,20180810
41.29363,-120.11461,20180713
37.40208,-118.50235,20180218
40.99344,-121.52225,20180809
36.85156,-120.77206,20180502
40.616251,-123.52019,20180904
40.50318,-122.42308,20180624
38.21396,-121.9424,20181108
35.73629,-120.75593,20180620
34.5486,-118.31138,20180604
34.095568,-116.958806,20180706
36.40755,-120.99322,20180604
36.71537,-118.08449,20180419
33.62924,-117.05992,20180517
39.186144,-121.792885,20180731
39.268611,-120.658333,20180903
35.11416667,-120.0922222,20180819
35.387408,-118.817934,20180727
39.82877,-123.08489,20180731
39.77124,-121.76859,20180712
40.33682,-121.93908,20180709
38.42623,-120.95408,20180706
38.59694444,-121.9938889,20180718
38.82426,-121.451307,20180801
35.79012,-118.7393,20180815
36.00912,-120.82226,20180811
40.3768,-120.36403,20180614
37.75646,-121.60646,20180708
37.83388,-120.61746,20180908
39.36529,-121.51707,20181030
36.378333,-120.901167,20180604
32.833674,-116.7311,20180706
37.75375,-121.57918,20180530
40.316137,-120.45053,20180627
36.35502,-121.1563,20180913
35.95515,-120.86256,20180626
35.51777778,-118.6525,20180818
33.07892,-116.91845,20180727
37.38789,-119.68912,20180922
39.59872,-121.78208,20180626
37.735461,-118.970443,20180731
40.52909,-122.17457,20180623
37.449425,-121.88807,20180722
38.539806,-121.059979,20180704
40.60402,-122.9144,20180628
37.10181,-119.623981,20180604
33.389425,-117.502405,20180504
0,0,20180516
38.061298,-120.872244,20180806
37.197039,-120.002619,20180823
33.836101,-117.607577,20180719
36.65351,-121.0454,20180711
37.94714,-121.9921,20180629
40.18395,-122.27574,20180623
32.63046,-116.46674,20180606
40.34256,-121.43025,20180928
35.33916,-120.71488,20180626
34.0232,-119.76576,20180327
33.076239,-116.902985,20180809
37.89612,-121.85847,20180725
41.70877,-122.47293,20180715
41.085,-123.051,20180701
36.37532,-120.862579,20180612
33.41476,-117.24044,20180728
33.571763,-116.500058,20180726
34.91482,-118.92485,20180912
37.33924,-120.24315,20180607
39.491737,-121.637759,20180704
34.26734825,-118.6438159,20181112
37.05876,-121.176354,20180617
37.97638,-122.5275,20180609
33.55132,-117.72044,20180602
34.576944,-119.61416,20180901
40.12791,-122.19792,20180623
36.18401,-120.69955,20181013
40.34822,-120.82497,20180724
34.2325,-117.846111,20180909
37.80785,-120.30187,20180624
38.45673,-121.94658,20181012
40.36888889,-122.8905556,20180819
33.787838,-117.746625,20180611
33.925862,-117.654299,20180612
38.02447,-122.727,20180910
34.30166667,-119.0991667,20181115
35.97677,-121.24898,20181002
38.94388,-120.92611,20180904
34.18075,-117.43184,20181113
38.08424,-120.46078,20180805
38.51943,-122.18353,20180728
34.38039,-118.60441,20180723
39.46543,-122.65582,20180601
41.65935,-122.48556,20180509
34.15475,-117.244366,20180831
36.47766,-119.10433,20181024
39.996944,-121.27,20180807
36.59036,-120.82355,20180712
37.06367,-121.53586,20180706
37.707234,-120.199162,20180618
35.56888889,-118.8013889,20180816
34.463889,-119.831389,20180706
34.62412,-120.22298,20180720
36.75581,-119.42172,20180526
38.8802,-123.0496,20180801
39.02017,-122.57496,20180826
40.31759,-122.21032,20180518
33.0971179,-117.0242529,20180813
36.21634,-118.82989,20180727
34.22526,-117.40967,20180706
35.56922,-120.12441,20180524
35.9352,-121.11936,20180609
35.1234,-118.72905,20180629
39.038859,-123.38493,20180705
40.94666,-121.27049,20180715
40.83116,-120.19336,20181108
37.179167,-119.431667,20180827
37.056944,-121.01638,20180520
-120.258,-120.258,20180929
39.06715,-122.59789,20180709
37.95766,-120.68902,20180624
34.54305556,-120.3180556,20180718
40.5939,-122.17173,20180928
36.696879,-119.304499,20180627
39.2976,-122.512012,20180704
39.65578,-122.58666,20180528
33.67815,-117.32281,20180428
37.22545,-121.79189,20180710
37.66074,-121.67144,20180629
40.394073,-122.135924,20180613
33.504964,-117.148204,20180504
37.08529,-121.09354,20180624
38.645,-120.874167,20180801
39.279833,-123.258319,20180721
38.82128,-121.03918,20180801
36.64832,-121.03253,20180604
37.1769444,-121.6869444,20181007
40.741186,-122.649626,20180720
33.56349,-116.732032,20180704
41.83359,-122.99272,20180627
37.32744,-121.10903,20180529
34.86022,-118.87881,20180708
34.53765,-118.75495,20180623
38.24033,-121.09199,20180611
40.346652,-122.308479,20181105
38.8275,-122.3625,20180830
37.14663,-119.91223,20180615
35.58354,-120.624135,20180614
35.663607,-120.670311,20180613
34.74245,-120.18236,20180517
33.35505,-117.03134,20180522
35.17693,-120.48861,20181019
40.95234,-121.21597,20180715
37.79718,-121.85311,20180708
37.0979,-119.75307,20180523
34.24138,-117.42431,20180926
40.33642,-120.93005,20180922
37.47677,-119.84299,20180615
41.50105,-120.61108,20180714
35.30151,-120.64398,20180916
40.824,-121.90215,20180724
37.163594,-121.702547,20180710
38.91152,-122.86854,20180721
40.27754,-122.11375,20180715
35.96689,-121.28185,20180207
37.69926,-122.02805,20180826
37.86339,-122.12351,20180702
38.07135,-122.76751,19691231
39.57202,-121.43131,20180719
33.56921,-116.154398,20180723
37.28365,-119.97546,20180719
37.779209,-121.908976,20180619
39.549167,-121.521111,20180616
36.796,-121.40604,20180725
40.60866,-122.38366,20181014
32.78031,-117.06782,20180603
35.64917,-120.71907,20180721
41.58233,-122.33769,20180603
38.981389,-122.97222,20180902
33.640051,-117.085354,20180827
39.62194,-123.28774,20181108
33.759722,-117.460278,20180806
40.95673,-121.6002,20180729
36.83036,-121.36446,20180603
35.17156,-118.51651,20180817
37.71173,-121.55604,20180725
36.42638,-118.70443,20180719
39.84151,-121.62168,20180924
40.00293,-122.44008,20180714
34.17711,-117.15381,20180630
0,0,20180218
36.938674,-119.3127769,20181002
33.97902,-117.20534,20180825
41.08583,-121.05722,20180715
38.886518,-122.476381,20180616
40.62693,-122.23449,20180708
37.33563,-121.75815,20180923
37.99618,-122.14097,20180817
37.533026,-121.79733,20180804
33.85852,-117.43521,20180728
35.68539,-120.95157,20180721
38.595865,-121.17693,20180629
35.92436,-119.94083,20180412
32.557566,-116.8663,20180717
41.791859,-122.513883,20180519
35.826333,-118.9821,20180518
33.80406,-116.93188,20180914
38.015323,-121.998967,20180616
35.71859,-120.64028,20180529
38.91842,-122.85276,20180903
33.946896,-117.066643,20180822
37.99113,-121.86473,20180602
40.201826,-122.29388,20180601
37.69965,-120.0545,20180804
33.86439,-117.48144,20180409
37.81111,-121.7944,20181115
37.61158,-121.94182,20181114
37.07793,-121.600023,20180725
37.627119,-121.806775,20180617
33.524412,-116.821724,20180614
39.602703,-121.617698,20180614
34.110516,-118.427886,20180612
39.89075,-120.18499,20180426
33.40178,-117.27467,20180509
33.88744,-117.16232,20180422
37.0125,-122.046,20181103
38.265645,-120.892404,20180617
33.742,-117.28189,20180603
39.10494,-121.07039,20180812
41.34453,-123.85404,20180715
37.21803,-121.76828,20180527
41.94046,-122.43933,20181010
41.52123,-120.72362,20180902
33.467999,-117.003829,20180504
33.711263,-116.164058,20180415
33.05737,-116.77154,20180806
35.70086,-120.97339,20180717
39.99309,-120.02137,20180714
38.64953,-122.01762,20180601
40.678889,-122.400556,20180904
33.04898,-116.78928,20180720
36.10499,-120.55324,20180602
40.49618,-122.51597,20181014
38.7448,-120.65672,20180920
34.171786,-117.35606,20180713
37.22791,-119.50461,20180710
37.97638,-122.5275,20180609
33.40769,-117.22974,20180605
41.64805,-122.98442,20180604
35.75737,-120.91793,20180603
38.16303,-122.23059,20180521
37.73835,-121.6039,20180514
33.12213,-116.58759,20180510
39.66492,-121.51772,20180710
37.19817,-119.80414,20180709
33.47413,-117.31468,20180603
40.4635,-121.77419,20180327
37.12857,-122.12036,20181116
40.888785,-124.001849,20181112
39.93427,-121.54103,20181015
33.627006,-117.171731,20180819
38.27229,-122.26389,20180809
41.632373,-122.37985,20180717
32.619855,-116.764733,20180706
39.6139,-121.954098,20180629
35.05747,-120.39295,20180621
35.77017,-120.57833,20180619
38.245151,-122.44408,20180605
32.75072,-116.92404,20180603
39.80827,-122.3307,20180603
33.45014,-117.22215,20180602
33.53924,-116.10231,20180528
39.71217,-121.77385,20181129
40.70258,-123.55012,20180424
0,0,20180109
0,0,20180109
34.282179,-118.803389,20191030
37.536069,-120.177018,20190816
33.9925,-117.059167,20191010
40.00171,-122.25421,20191027
34.01778,-117.4625,20191030
38.838992,-121.325842,20191125
35.79069,-120.73102,20191009
35.79069,-120.73102,20191009
37.241427,-120.027731,20190721
36.319291,-120.460189,20191018
40.900458,-121.320838,20190807
33.8615,-116.897333,20191010
37.828267,-122.103867,20191010
33.259861,-117.027333,20191025
37.62782,-121.68598,20191024
37.420988,-121.371276,20190718
40.463936,-122.435492,20190712
38.115224,-120.78068,20190718
34.202883,-116.4449,20190803
32.794768,-116.839743,20190717
38.538467,-120.965105,20190929
37.093243,-121.586846,20190712
38.045866,-122.245186,20191015
33.463991,-116.914799,20190827
39.613783,-123.458782,20191004
37.178353,-122.07743,20190903
38.792458,-122.780053,20191023
40.061389,-120.680556,20190904
41.79591,-121.260305,20190728
37.034,-118.345,20190906
34.302212,-118.997115,20191031
40.12,-122.64,20190905
34.32988,-118.48161,20191010
41.748,-121.056,20190906
37.604638,-119.96606,20191006
40.109,-122.789,20190905
37.826,-118.872,20190906
34.472778,-118.368056,20191024
38.724,-120.145,20191011
40.593,-120.581,20190828
34.5025,-119.785,20191125
36.28426,-120.94771,20190626
40.036379,-122.637837,20191103
38.88978,-122.23922,20190608
35.72057,-119.62762,20190507
39.892222,-120.029722,20190824
37.46577,-121.28312,20190626
36.284,-118.228,20190906
33.528469,-117.273157,20190904
41.862237,-122.662258,20190907
35.66318,-120.41128,20190612
32.573437,-116.658735,20190816
39.28926,-121.85906,20190608
42.033,-122.175,20190809
39.631945,-119.769881,20190713
35.343761,-119.913717,20190605
40.943799,-120.275298,20190808
35.63111111,-120.2691667,20190708
35.30759,-119.96498,20190529
37.908362,-121.872941,20190803
36.40193,-119.030621,20190831
34.098191,-118.478717,20191028
39.22431,-123.12887,20191027
38.751648,-121.432636,20190920
40.715556,-122.241944,20190822
37.25988,-121.09375,20190607
38.165873,-122.211671,20191006
33.919507,-117.103765,20190621
33.4853,-117.043723,20190914
39.45296,-121.412619,20190907
32.575556,-117.026667,20190801
35.60989,-118.41204,20190731
37.532028,-120.208019,20190815
34.484722,-120.190833,20191017
36.151,-118.185,20190906
33.975405,-117.207068,20191010
33.985972,-117.414111,20191031
35.908333,-120.984167,20190729
39.622137,-121.693472,20190928
37.63206,-121.538382,20190703
41.150392,-122.634108,20190907
36.008889,-121.466944,20190730
34.71011,-119.3547,20190901
40.679318,-120.392768,20190705
44.734,-120.606,20190906
36.18479,-118.99229,20190602
33.9369,-117.3063,20190907
40.062304,-123.222196,20190905
37.524378,-120.296551,20190708
37.708743,-121.841879,20190809
41.4929742,-123.2129356,20190907
39.005262,-123.195306,20190812
35.214364,-120.455883,20190921
33.911,-116.980528,20190629
37.016944,-119.934167,20190715
37.312877,-120.242411,20190629
37.21638,-121.70768,20190609
34.9008333,-118.9183333,20190721
39.28926,-121.85906,20190617
37.944751,-120.84372,20190715
34.183,-117.285,20191031
37.99136,-121.64118,20191027
34.23955,-119.20187,20191011
32.787656,-116.806941,20190924
34.630919,-120.187368,20190909
40.072739,-120.158273,20190714
37.32585,-121.110146,20190911
35.95191,-120.8092,20190709
38.158333,-122.118889,20190724
35.03855,-119.19454,20190503
33.635,-116.801111,20190915
36.600167,-120.8405,20190902
35.81778,-120.09715,20190428
40.484329,-122.159393,20190815
34.677864,-118.752395,20190803
33.997528,-117.769766,20190728
36.28001,-119.10974,20190601
38.03545,-122.2241,20191027
32.767649,-116.796032,20190728
38.73817,-121.39419,20190626
34.183624,-117.274276,20191024
37.45899,-121.22093,20190530
38.07205,-122.22463,20191027
37.71734,-121.55867,20190821
40.562,-120.544,20190824
34.366111,-118.96,20190714
40.886677,-120.336977,20190807
39.831762,-123.846013,20190727
33.650237,-116.172534,20190518
37.467744,-121.842751,20190921
41.909,-120.306,20190717
36.66909,-119.3046,20190529
33.39684,-117.29665,20190620
35.57376,-120.11738,20190610
35.65189,-118.92545,20190430
34.675542,-118.342239,20190813
41.43783,-120.23976,20190802
34.665699,-119.94974,20190728
32.566389,-116.7525,20190712
33.900994,-117.170588,20190921
33.055124,-116.742508,20191025
33.8128372,-117.1228851,20190713
35.004722,-120.435278,20190724
33.740219,-117.333728,20190805
34.156389,-118.950833,20191010
41.749667,-123.000833,20190915
37.962557,-121.468074,20190716
40.41404,-122.66779,20190626
38.898915,-120.946657,20190903
38.3525,-121.123611,20190802
37.838333,-120.625556,20190923
41.834366,-122.656569,20190727
38.455,-121.969167,20190813
34.42386,-117.10318,20190722
33.514658,-116.7884,20190716
39.551423,-121.800538,20191024
33.77777348,-117.487578,20190825
32.57394,-116.760465,20190815
37.433192,-121.807258,20190724
33.56938,-116.07896,20190712
39.24678,-121.32399,20190625
39.24678,-121.32399,20190624
39.100408,-122.496548,20191105
37.18904,-121.694968,20190702
39.15641,-121.56363,20190608
39.847708,-122.1604,20191009
37.896231,-122.636471,20191024
38.20177,-120.827386,20190922
35.906482,-120.992914,20190901
39.11536,-120.76088,20190510
38.481258,-122.143942,20190722
41.70611111,-123.4375,20191004
39.98097,-122.30737,20190520
37.166674,-122.361112,20191024
37.219717,-121.761974,20190815
39.470333,-121.412333,20190906
37.968494,-121.678172,20190807
40.387772,-120.304341,20191013
33.57039,-116.1466,20190529
38.955024,-122.833831,20190907
35.189783,-120.1755,20191001
32.87833333,-116.88,20190925
32.564583,-116.834583,20191031
37.97911,-122.11092,20191027
38.622058,-121.114095,20190802
38.63047,-122.47282,20190608
39.85484,-121.905,20190501
37.32555556,-121.7644444,20190715
35.89593,-118.94106,20190610
40.46968,-122.54364,20190812
39.97083,-122.48277,20190622
33.69078,-114.57265,20190530
38.017138,-120.945044,20190905
35.97059,-120.88241,20190612
34.055768,-118.554091,20191021
40.4988,-122.19911,20191010
39.06066,-121.35014,20190706
37.034183,-121.45597,20190825
38.652475,-120.826165,20190815
41.838,-122.845,20190727
37.44422,-121.84082,20190610
33.854597,-117.270144,20190912
33.4506,-116.857817,20190822
39.171091,-121.423281,20190810
36.23012,-118.85712,20190603
35.709176,-120.312856,20191011
38.07944444,-122.2561111,20190926
40.55924,-122.25409,20190804
40.41741,-122.767256,20190705
37.75427,-121.57382,20190621
0,0,20190409
40.61805556,-123.6755556,20190101
37.066483,-121.219163,20191007
35.287373,-118.623651,20190805
38.910498,-122.642572,20190904
32.62305556,-116.9141667,20190629
38.75263,-121.39259,20190607
33.81678,-117.18194,20190520
38.88913,-122.604425,20191017
36.154184,-120.634179,20190930
32.557546,-116.873955,20190825
32.557546,-116.873955,20190825
37.469,-121.3697,20190705
36.14246,-118.80582,20190603
37.99837,-122.16201,20190705
38.21416,-122.12214,20190607
38.02503,-121.9763,20190606
32.557566,-116.8663,20190513
37.949747,-120.420058,20190808
39.088333,-122.309167,20190814
33.909792,-117.004667,20190812
38.99174,-122.7751,20190808
33.69055556,-116.953889,20190711
33.80493,-117.15738,20190627
33.849906,-117.461363,20191101
33.703546,-117.033598,20190930
37.718636,-121.657011,20190831
37.429506,-121.336465,20191003
36.732866,-121.39478,20190904
37.494136,-121.534827,20190626
39.76242,-121.73659,20190615
41.64895,-122.35962,20190614
40.612556,-122.039167,20190924
38.703889,-120.890556,20190814
41.512917,-122.740333,20190907
34.353667,-117.343833,20190902
33.30267,-116.97772,20190610
38.757636,-120.75664,20190730
37.606,-121.853,20191008
39.32889,-121.23431,20190629
34.033117,-117.21545,20191021
40.314187,-122.070055,20191007
37.492002,-120.401028,20190913
37.545167,-121.596667,20190902
32.762706,-117.097441,20191015
39.847708,-122.160416,20191009
38.332083,-120.67131,20190925
33.496633,-116.631106,20190910
39.423833,-121.579738,20190723
41.94622,-122.40157,20190616
39.83958,-121.957,20190430
33.827979,-117.499619,20191010
39.40972222,-121.0005556,20190628
38.734634,-121.729691,20191125
33.351145,-117.403719,20191022
33.45148,-116.05898,20191014